Country ID,Country Name,PA Category,# PAs,Mean area of PAs,Area of largest PA,Name of largest PA,Year of establ. Of largest PA
0,Democratic Republic of the Congo,ALL,38,6344.2,43684.69,Bassin de la Lufira,2017
0,Democratic Republic of the Congo,Ia,1,2246.07,2246.07,Yangambi,0
0,Democratic Republic of the Congo,Ib,1,6589.92,6589.92,Bomu,0
0,Democratic Republic of the Congo,II,18,8515.09,43684.69,Bassin de la Lufira,2017
0,Democratic Republic of the Congo,VI,18,4387.33,33009.74,Bili-Uere,0
1,Afghanistan,ALL,9,668.39,3022.95,Hamoun,1968
1,Afghanistan,Ia,4,364.94,517.98,Тигровая балка,1938
1,Afghanistan,II,1,597.99,597.99,Band-e-Amir,2009
1,Afghanistan,IV,3,311.6,482.16,Даштиджумский,1972
1,Afghanistan,V,1,3022.95,3022.95,Hamoun,1968
3,Åland,ALL,2,287.74,523.43,Saaristomeren kansallispuisto,1982
3,Åland,II,1,523.43,523.43,Saaristomeren kansallispuisto,1982
3,Åland,VI,1,52.05,52.05,Björkörs naturskyddsområde,0
4,Albania,ALL,63,114.89,871.44,Liqeni I Ulzes,2013
4,Albania,Ia,2,60.4,102.76,Lumi i Gashit,1996
4,Albania,II,17,190.39,735.79,Mavrovo,1949
4,Albania,III,10,49.15,247.6,Ohridsko Ezero,1977
4,Albania,IV,23,75.83,871.44,Liqeni I Ulzes,2013
4,Albania,V,4,171.19,252.83,Mali me Gropa-Bize-Martanesh,2007
4,Albania,VI,7,137.19,324.13,Ethniko Parko limnon Mikris kai Megalis Prespas,2009
5,Algeria,ALL,4,25121.0,99331.43,Parc Culturel du Tassili (Illizi),1972
5,Algeria,II,4,25121.0,99331.43,Parc Culturel du Tassili (Illizi),1972
6,American Samoa,ALL,14,5045.01,35438.81,National Marine Sanctuary of American Samoa,1986
6,American Samoa,Ia,2,79.53,158.62,Rose Atoll,1973
6,American Samoa,V,12,5872.59,35438.81,National Marine Sanctuary of American Samoa,1986
7,Andorra,ALL,12,469.09,2456.06,Pyrénées ariégeoises,2009
7,Andorra,IV,6,15.96,28.13,Vedat de caça de Ransol,2000
7,Andorra,V,5,1098.46,2456.06,Pyrénées ariégeoises,2009
7,Andorra,VI,1,41.03,41.03,Vall del Madriu-Perafita-Claror,2013
8,Angola,ALL,15,7018.83,16906.22,Skeleton Coast Park,1973
8,Angola,II,10,8961.26,16906.22,Skeleton Coast Park,1973
8,Angola,IV,3,4818.01,8791.46,Integral Nature Reserve and the Luando,1957
8,Angola,V,1,215.62,215.62,Natural Regional Park Chimalavera,1974
8,Angola,VI,1,1000.23,1000.23,Swa-Kibula,1951
10,Antarctica,ALL,8,36.78,214.43,Larsemann Hills,2014
10,Antarctica,Ia,8,36.78,214.43,Larsemann Hills,2014
11,Antigua and Barbuda,ALL,5,25.75,67.25,Codrington Lagoon,2005
11,Antigua and Barbuda,III,1,0.35,0.35,Greencastle,2008
11,Antigua and Barbuda,V,1,1.0,1.0,Devli's Bridge,2008
11,Antigua and Barbuda,VI,3,42.46,67.25,Codrington Lagoon,2005
12,Argentina,ALL,335,853.34,38922.4,Bernardo O'Higgins,1969
12,Argentina,Ia,17,446.8,6842.29,La Payunia,1982
12,Argentina,Ib,2,321.71,493.48,Isla de Los Estados,2016
12,Argentina,II,90,1158.96,38922.4,Bernardo O'Higgins,1969
12,Argentina,III,14,88.73,383.14,Abra del Acay,1995
12,Argentina,IV,33,442.04,4202.99,Laguna Brava,1980
12,Argentina,V,20,538.22,5626.83,Quebrada de Humahuaca,2000
12,Argentina,VI,159,922.84,27776.92,De la Vicuña,1993
13,Armenia,ALL,39,174.13,1512.35,Sevan,1978
13,Armenia,Ia,4,100.45,228.96,Khosrov Forest,1958
13,Armenia,II,6,509.36,1512.35,Sevan,1978
13,Armenia,IV,29,114.93,944.17,Kiamaky,1975
15,Australia,ALL,10845,260.97,505518.27,Coral Sea,2012
15,Australia,Ia,2559,63.91,25035.21,Great Victoria Desert,1970
15,Australia,Ib,76,595.38,9018.95,Nullarbor,2014
15,Australia,II,1135,903.52,505518.27,Coral Sea,2012
15,Australia,III,2413,37.1,66966.39,Birriliburu,2013
15,Australia,IV,2894,121.21,290730.0,Coral Sea,2012
15,Australia,V,355,223.8,24279.11,Wilinggin,2013
15,Australia,VI,1413,761.61,214901.48,Great Barrier Reef,2004
16,Austria,ALL,1245,28.37,2307.18,"LSG ""Bayerischer Wald""",2001
16,Austria,Ia,3,0.61,0.91,Ruggeller Riet,1991
16,Austria,Ib,1,9.22,9.22,Garsaelli,2001
16,Austria,II,13,274.95,805.14,Hohe Tauern,1984
16,Austria,III,150,0.25,18.89,Horní Malše,2014
16,Austria,IV,700,9.38,537.63,Karwendel,1989
16,Austria,V,375,63.69,2307.18,"LSG ""Bayerischer Wald""",2001
16,Austria,VI,3,413.82,950.32,Biosphärenpark Wienerwald,2008
17,Azerbaijan,ALL,54,257.71,1203.44,Shahdagh National Park,2006
17,Azerbaijan,Ia,12,174.55,500.41,Gizilaghaj State Nature Reserve,1929
17,Azerbaijan,II,10,365.77,1203.44,Shahdagh National Park,2006
17,Azerbaijan,III,1,2.05,2.05,Alazani flood plane forests,2003
17,Azerbaijan,IV,29,216.0,944.17,Kiamaky,1975
17,Azerbaijan,V,2,948.91,1042.73,Marakan,1967
18,Bahamas,ALL,8,23.18,135.09,Blue Holes National Park,2002
18,Bahamas,Ia,1,0.01,0.01,Black Sound Cay National Park,1988
18,Bahamas,Ib,1,0.4,0.4,Rand Nature Center,1992
18,Bahamas,II,5,37.0,135.09,Blue Holes National Park,2002
18,Bahamas,III,1,0.05,0.05,The Retreat,1977
20,Bangladesh,ALL,42,189.12,2095.88,Sajnakhali,1976
20,Bangladesh,Ib,3,559.34,816.22,Sundarban West,1996
20,Bangladesh,II,15,136.27,1058.7,Sundarban,1984
20,Bangladesh,IV,21,200.72,2095.88,Sajnakhali,1976
20,Bangladesh,VI,3,1.9,3.77,Nagarbari-Mohonganj,2013
21,Barbados,ALL,4,3.77,13.54,Folkstone,1980
21,Barbados,Ia,1,0.52,0.52,Turner Hall Woods,0
21,Barbados,II,2,6.85,13.54,Folkstone,1980
21,Barbados,III,1,0.88,0.88,Harrisons Cave And Welchmans Hall Gully,1962
22,Belarus,ALL,151,120.24,2159.0,Paleski Radyaytsina-Ekalagichny,0
22,Belarus,Ia,4,930.93,2159.0,Paleski Radyaytsina-Ekalagichny,0
22,Belarus,II,6,526.16,884.29,Belowezskaya Pushcha,1939
22,Belarus,III,2,6.92,12.45,Boloto Drozdovskiy mokh,0
22,Belarus,IV,131,74.47,882.74,Nalibokskiy,1960
22,Belarus,V,4,352.43,519.65,Augšdaugava,1990
22,Belarus,VI,4,24.17,56.55,Adutiskio-Guntauninku misku biosferos poligonas,2004
23,Belgium,ALL,1672,9.49,1178.17,Avesnois,1998
23,Belgium,Ib,2,8.79,15.01,Bruch - Pont Misère,2014
23,Belgium,II,4,153.9,305.74,Parc Naturel de l'Our,1965
23,Belgium,IV,1602,5.07,439.17,Westerschelde & Saeftinghe,2010
23,Belgium,V,41,160.78,1178.17,Avesnois,1998
23,Belgium,VI,23,22.63,201.93,openbaar bos Limburg,1990
24,Belize,ALL,98,145.86,1191.59,Mirador - Río Azul,1990
24,Belize,Ia,4,405.11,1191.59,Mirador - Río Azul,1990
24,Belize,II,23,84.03,1073.32,Chiquibul,1991
24,Belize,III,3,116.92,325.81,Río Sarstun,2005
24,Belize,IV,33,195.39,1122.11,General Use Zone,2012
24,Belize,V,1,51.36,51.36,Bacalar Chico,1996
24,Belize,VI,34,114.45,602.88,Columbia River,1954
25,Benin,ALL,13,1765.47,5819.18,W (Benin),1954
25,Benin,II,4,3333.25,5819.18,W (Benin),1954
25,Benin,IV,6,876.28,2346.16,Pama,1955
25,Benin,VI,3,1453.47,1834.89,Pendjari,1980
26,Bermuda,ALL,23,0.06,0.38,South Shore Park Southampton,1986
26,Bermuda,Ia,2,0.15,0.3,Castle Harbour Islands,1986
26,Bermuda,Ib,6,0.02,0.05,Devonshire Marsh (east),1984
26,Bermuda,II,2,0.32,0.38,South Shore Park Southampton,1986
26,Bermuda,III,7,0.03,0.08,Pembroke Marsh,1986
26,Bermuda,IV,6,0.02,0.03,Watlington,1984
27,Bhutan,ALL,22,928.7,4939.6,Wangchuck Centennial Park,2008
27,Bhutan,Ia,1,613.03,613.03,Torsa,1993
27,Bhutan,II,6,2251.83,4939.6,Wangchuck Centennial Park,2008
27,Bhutan,IV,7,515.17,1528.7,Bumdeling,1995
27,Bhutan,VI,8,337.65,939.1,Biological Corridor 8,1999
28,Bolivia,ALL,23,3130.8,27776.92,De la Vicuña,1993
28,Bolivia,Ia,1,6195.71,6195.71,Reserva Biológica Do Guaporé,1982
28,Bolivia,II,6,3396.02,10995.14,Bahuaja Sonene,1996
28,Bolivia,III,1,988.58,988.58,Cerro Chovoreca,2001
28,Bolivia,IV,7,1048.8,2090.54,Las Vicunas,1983
28,Bolivia,VI,8,4638.3,27776.92,De la Vicuña,1993
29,"Bonaire, Sint Eustatius and Saba",ALL,5,565.56,2703.53,Saba,1987
29,"Bonaire, Sint Eustatius and Saba",II,5,565.56,2703.53,Saba,1987
30,Bosnia and Herzegovina,ALL,11,82.07,324.94,Piva,2015
30,Bosnia and Herzegovina,Ia,2,2.92,2.96,Lom,1956
30,Bosnia and Herzegovina,Ib,2,7.03,8.47,Gromiželj,2011
30,Bosnia and Herzegovina,II,3,149.83,249.77,Nacionalni park Tara,1981
30,Bosnia and Herzegovina,III,1,0.44,0.44,Pecina Ljubacevo,2008
30,Bosnia and Herzegovina,V,2,216.32,324.94,Piva,2015
30,Bosnia and Herzegovina,VI,1,0.29,0.29,Univerzitetski grad,2012
31,Botswana,ALL,22,6044.74,52475.76,Central Kalahari,1961
31,Botswana,Ib,7,14858.35,52475.76,Central Kalahari,1961
31,Botswana,II,10,2377.45,14776.49,Hwange,1949
31,Botswana,IV,3,602.04,964.6,Nata,1993
31,Botswana,VI,2,1697.55,3005.58,Matetsi,1975
33,Brazil,ALL,1122,2057.0,405901.3,Área de Proteção Ambiental do Arquipelago de Trinidade e Martim Vaz,2018
33,Brazil,Ia,134,1415.24,42320.73,Estação Ecológica Do Grão Pará,2006
33,Brazil,Ib,1,43.89,43.89,Guaraqueçaba Ecological Station,2017
33,Brazil,II,264,1815.56,38911.28,Parque Nacional Montanhas Do Tumucumaque,2002
33,Brazil,III,27,4529.34,67993.25,"Monumento Natural Das Ilhas de Trinidade, Martim Vaz e Do Monte Columbia",2018
33,Brazil,IV,289,9.32,1014.64,Sipaliwini,1972
33,Brazil,V,204,4205.43,405901.3,Área de Proteção Ambiental do Arquipelago de Trinidade e Martim Vaz,2018
33,Brazil,VI,203,3231.84,53630.69,Imataca,1961
34,British Indian Ocean Territory,ALL,5,227.92,625.46,Eastern Peros Banhos Atoll,1998
34,British Indian Ocean Territory,II,4,261.23,625.46,Eastern Peros Banhos Atoll,1998
34,British Indian Ocean Territory,V,1,94.68,94.68,Diego Garcia,1997
35,British Virgin Islands,ALL,20,0.35,2.71,RMS Rhone,1980
35,British Virgin Islands,II,19,0.36,2.71,RMS Rhone,1980
35,British Virgin Islands,IV,1,0.05,0.05,Sandy Cay,2008
36,Brunei,ALL,32,61.9,555.38,Mulu,1974
36,Brunei,Ia,21,27.43,185.79,Labi Hills (Sungai Ingei Conservation),1947
36,Brunei,II,4,339.97,555.38,Mulu,1974
36,Brunei,V,7,6.42,24.7,Selirong (Productive Production),1948
37,Bulgaria,ALL,1033,12.77,1202.55,"Ethniko Parko Oroseiras Rodopis, Perifereiaki Ektasi",2009
37,Bulgaria,Ia,58,15.14,124.22,Centralen Rilski Reservat,1992
37,Bulgaria,II,4,503.63,777.67,Rila,1992
37,Bulgaria,III,349,0.64,126.81,Fosilni nahodki,1968
37,Bulgaria,IV,41,12.35,203.84,Potamou Nestou,2005
37,Bulgaria,V,12,325.56,1164.77,Strandzha,1995
37,Bulgaria,VI,569,9.96,1202.55,"Ethniko Parko Oroseiras Rodopis, Perifereiaki Ektasi",2009
38,Burkina Faso,ALL,20,3763.15,28753.25,Réserve partielle de faune dite des Eléphants du Gourma,1959
38,Burkina Faso,II,6,2624.49,5819.18,W (Benin),1954
38,Burkina Faso,IV,11,5001.8,28753.25,Réserve partielle de faune dite des Eléphants du Gourma,1959
38,Burkina Faso,VI,3,1498.79,1834.89,Pendjari,1980
39,Burundi,ALL,12,185.61,1025.45,Nyungwe,1933
39,Burundi,Ib,5,16.75,44.97,Forêt de Vyanda,1980
39,Burundi,II,3,367.68,536.75,Parc national du Ruvubu,1980
39,Burundi,III,2,2.97,4.29,Faille de Nyakazu,1980
39,Burundi,IV,1,1025.45,1025.45,Nyungwe,1933
39,Burundi,V,1,9.18,9.18,Gisagara,1993
40,Cambodia,ALL,42,1151.51,4095.46,Kulen Promtep,1993
40,Cambodia,Ia,5,342.16,498.38,Huai Thabthan-Had Samran,1995
40,Cambodia,II,12,653.71,3399.22,Virachey,1993
40,Cambodia,III,1,129.86,129.86,Ang Trapeng Thmor,1999
40,Cambodia,IV,16,1805.36,4095.46,Kulen Promtep,1993
40,Cambodia,V,3,333.58,823.6,Banteay Chhmar,1993
40,Cambodia,VI,5,1758.32,3243.42,Tonle Sap Biosphere,1993
41,Cameroon,ALL,34,1627.42,5906.18,Gashaka-Gumti,1991
41,Cameroon,II,21,1958.99,5906.18,Gashaka-Gumti,1991
41,Cameroon,IV,12,898.13,5299.82,Dja,2007
41,Cameroon,VI,1,3415.84,3415.84,Dzanga-Sangha,1990
42,Canada,ALL,7477,177.69,79960.54,Arctic,1960
42,Canada,Ia,509,26.12,2402.87,Polar Bear Pass National Wildlife Area,1985
42,Canada,Ib,314,1419.73,56108.27,Queen Maud Gulf Migratory Bird Sanctuary,1961
42,Canada,II,1884,348.01,45352.47,Wood Buffalo National Park of Canada,1922
42,Canada,III,515,8.35,1380.41,Réserve de biodiversité Uapishka,2009
42,Canada,IV,3010,36.81,79960.54,Arctic,1960
42,Canada,V,158,287.43,17440.03,Wrangell-St. Elias,0
42,Canada,VI,1087,49.07,14116.53,Wildlife Habitat Protection,1984
44,Caspian Sea,ALL,18,514.85,2663.26,Hazar,1932
44,Caspian Sea,Ia,4,1069.32,2663.26,Hazar,1932
44,Caspian Sea,II,4,177.77,566.38,Shirvan National Park,2003
44,Caspian Sea,IV,9,455.42,1808.68,Aktay-Buzachinskiy,1982
44,Caspian Sea,VI,1,180.1,180.1,Astrakhansky (Buffer Zone),1984
45,Cayman Islands,ALL,49,2.19,30.75,North Sound Replenishment Zone,1986
45,Cayman Islands,Ib,2,8.97,17.12,Environmental Zone,1986
45,Cayman Islands,II,26,1.15,5.39,Seven Mile Beach Marine Park,1986
45,Cayman Islands,IV,21,2.83,30.75,North Sound Replenishment Zone,1986
46,Central African Republic,ALL,20,6369.13,33009.74,Bili-Uere,0
46,Central African Republic,Ia,1,848.39,848.39,Vassako-Bolo,1960
46,Central African Republic,Ib,1,6589.92,6589.92,Bomu,0
46,Central African Republic,II,7,5941.15,19092.16,Manovo-Gounda-Saint Floris,1933
46,Central African Republic,IV,8,5053.31,13764.22,Zemongo,1940
46,Central African Republic,VI,3,12643.25,33009.74,Bili-Uere,0
47,Chad,ALL,14,11101.27,83511.64,Ouadi-Rimé-Ouadi Achim,1969
47,Chad,II,5,7025.06,19092.16,Manovo-Gounda-Saint Floris,1933
47,Chad,IV,9,13365.83,83511.64,Ouadi-Rimé-Ouadi Achim,1969
48,Chile,ALL,182,2035.31,150456.65,Motu Motiro Hiva,2010
48,Chile,Ia,6,25079.29,150456.65,Motu Motiro Hiva,2010
48,Chile,II,46,2642.51,38922.4,Bernardo O'Higgins,1969
48,Chile,III,16,17.94,117.4,Quebrada Cardones,2010
48,Chile,IV,102,695.49,20254.76,Alacalufes,1988
48,Chile,VI,12,2263.94,15229.4,Los Andes,1980
49,China,ALL,49,3410.46,53464.88,Great Gobi,1975
49,China,Ia,4,13732.09,53464.88,Great Gobi,1975
49,China,Ib,3,8820.12,18314.87,"Gobiin baga /A/, /B/",1996
49,China,II,12,2842.43,6329.81,Altai Tavan range,1996
49,China,IV,11,2143.27,8693.42,Changthang,1987
49,China,V,1,49.76,49.76,Pac Bo,2007
49,China,VI,18,1554.93,7789.78,Annapurna,1992
50,Christmas Island,ALL,1,88.32,88.32,Christmas Island,1989
50,Christmas Island,II,1,88.32,88.32,Christmas Island,1989
52,Cocos Islands,ALL,2,13.09,24.04,Pulu Keeling,1995
52,Cocos Islands,II,2,13.09,24.04,Pulu Keeling,1995
53,Colombia,ALL,613,332.88,27984.95,Serrania De Chiribiquete,1989
53,Colombia,Ia,2,9980.67,11025.75,Puinawai,1989
53,Colombia,II,82,1552.13,27984.95,Serrania De Chiribiquete,1989
53,Colombia,III,2,293.01,579.64,Isla De Salamanca,1985
53,Colombia,IV,13,842.71,9642.19,Malpelo,1995
53,Colombia,V,21,283.71,3056.78,San Rafael de Guasare,1973
53,Colombia,VI,493,79.75,15784.15,Sipapo,1963
55,Cook Islands,ALL,2,991014.74,1982029.07,"Cook Islands Marine Park
",2017
55,Cook Islands,IV,1,0.41,0.41,Tikioki,1998
55,Cook Islands,VI,1,1982029.07,1982029.07,"Cook Islands Marine Park
",2017
56,Costa Rica,ALL,109,135.73,1996.09,Internacional La Amistad,1982
56,Costa Rica,Ia,7,31.56,100.04,Hitoy Cerere,1978
56,Costa Rica,Ib,2,8.29,12.63,Volcán Turrialba,1955
56,Costa Rica,II,21,420.66,1996.09,Internacional La Amistad,1982
56,Costa Rica,III,1,36.04,36.04,Fortaleza la Inmaculada  Concepción de María.,1990
56,Costa Rica,IV,39,52.46,815.63,Barra del Colorado (mixto),1985
56,Costa Rica,VI,39,93.35,616.71,Cordillera Volcánica Central,1975
57,Côte d'Ivoire,ALL,18,1314.69,11756.19,Comoe National Park,1968
57,Côte d'Ivoire,Ia,4,182.15,508.34,Haut Bandama Fauna and floral Reserve,1973
57,Côte d'Ivoire,II,9,2322.44,11756.19,Comoe National Park,1968
57,Côte d'Ivoire,IV,4,372.28,698.91,N'Zo Fauna Reserve,1972
57,Côte d'Ivoire,VI,1,544.66,544.66,Zone d'Intérêt Cynégétique de Nienendougou,2004
58,Croatia,ALL,26,38.56,496.11,Duna-Dráva,1996
58,Croatia,Ia,1,0.0,0.0,Rastišče rakitovca Središče ob Dravi,1992
58,Croatia,Ib,3,0.45,1.1,Rezervat Ormoško jezero,1992
58,Croatia,III,15,0.69,5.05,Jovsi,1995
58,Croatia,IV,1,193.63,193.63,Gornje Podunavlje,1982
58,Croatia,V,5,153.37,496.11,Duna-Dráva,1996
58,Croatia,VI,1,30.44,30.44,Karadjordjevo,1997
59,Cuba,ALL,132,304.32,7243.31,Península de Zapata,2008
59,Cuba,Ia,4,10.72,23.4,Cerro Galano,2001
59,Cuba,II,39,531.56,7243.31,Península de Zapata,2008
59,Cuba,III,14,86.82,901.95,Banco de Buena Esperanza - Managuano,2012
59,Cuba,IV,50,139.63,992.36,Cayo Campos - Cayo Rosario,2012
59,Cuba,V,13,24.61,202.34,Topes de Collantes,2010
59,Cuba,VI,12,906.66,3170.08,Buenavista,2010
60,Curaçao,ALL,1,23.25,23.25,Curacao,1978
60,Curaçao,II,1,23.25,23.25,Curacao,1978
61,Cyprus,ALL,16,12.7,92.17,Troodos,1992
61,Cyprus,Ia,1,33.31,33.31,Tripylos - Mavroi Kremmoi,1984
61,Cyprus,II,14,11.53,92.17,Troodos,1992
61,Cyprus,V,1,8.53,8.53,Athalassa,1990
62,Czech Republic,ALL,2680,8.57,2307.18,"LSG ""Bayerischer Wald""",2001
62,Czech Republic,Ia,12,2.32,6.85,Boubínský prales,1858
62,Czech Republic,Ib,6,14.69,36.58,Modravské slatě,1989
62,Czech Republic,II,7,176.42,685.11,Šumava,1991
62,Czech Republic,III,644,0.43,22.44,Kokořínský důl,1953
62,Czech Republic,IV,1954,0.43,21.61,Údolí Oslavy a Chvojnice,1974
62,Czech Republic,V,57,359.68,2307.18,"LSG ""Bayerischer Wald""",2001
64,Denmark,ALL,1768,3.71,291.66,Thisted Kommune,1992
64,Denmark,Ia,6,3.02,12.22,Skallingen,1938
64,Denmark,Ib,7,21.59,75.84,Lille Vildmose,2007
64,Denmark,II,9,14.93,34.0,Lyngby - Flade Sø,1976
64,Denmark,III,20,4.32,15.2,Kongenshus Mindepark,1953
64,Denmark,IV,302,16.96,291.66,Thisted Kommune,1992
64,Denmark,V,1424,0.74,33.19,Mossø,1975
66,Dominica,ALL,6,28.69,67.33,Morne Trois Pitons,1975
66,Dominica,II,3,35.97,67.33,Morne Trois Pitons,1975
66,Dominica,IV,1,4.98,4.98,Soufriere/Scott's Head,1998
66,Dominica,VI,2,29.64,55.07,Northern,1977
67,Dominican Republic,ALL,140,465.84,35469.2,Santuario de los Bancos de La Plata y La Navidad,2004
67,Dominican Republic,Ia,10,3572.94,35469.2,Santuario de los Bancos de La Plata y La Navidad,2004
67,Dominican Republic,Ib,2,89.48,174.94,Loma Charco Azul,2009
67,Dominican Republic,II,35,406.19,1583.87,Jaragua,1983
67,Dominican Republic,III,30,23.05,105.89,Las Caobas,2004
67,Dominican Republic,IV,27,427.5,7906.88,Arrecifes del Sureste,2009
67,Dominican Republic,V,17,142.21,377.47,Cabeza de Toro,2004
67,Dominican Republic,VI,19,23.21,103.91,Autovia Santo Domingo - Samana - Boulevar del Atlantico,2011
68,Ecuador,ALL,6,1198.54,2497.54,Airo Pai,2012
68,Ecuador,II,3,1489.89,2051.6,Güeppí-Sekime,2012
68,Ecuador,III,1,29.94,29.94,los Manglares de Tumbes,1988
68,Ecuador,VI,2,1345.81,2497.54,Airo Pai,2012
69,Egypt,ALL,25,3474.54,30516.6,Elba,1995
69,Egypt,Ia,5,11.82,35.44,Wadi El Assuti,1989
69,Egypt,II,2,3844.13,6899.82,Wadi El-Gemal - Hamata,2003
69,Egypt,III,2,2928.69,3139.24,White Desert,2002
69,Egypt,IV,4,589.14,1026.82,Har Ha Negev,1989
69,Egypt,V,3,1596.25,4730.62,St. Catherine,1996
69,Egypt,VI,9,7345.95,30516.6,Elba,1995
70,El Salvador,ALL,4,159.38,318.28,Bahía de Chismuyo,2005
70,El Salvador,II,2,48.72,83.36,Montecristo Trifinio,1987
70,El Salvador,IV,1,318.28,318.28,Bahía de Chismuyo,2005
70,El Salvador,VI,1,221.79,221.79,Trifinio,1987
71,Equatorial Guinea,ALL,10,719.18,2627.75,Campo-Ma'an,0
71,Equatorial Guinea,Ib,1,514.17,514.17,Caldera de Luba,2000
71,Equatorial Guinea,II,4,1400.59,2627.75,Campo-Ma'an,0
71,Equatorial Guinea,III,2,196.23,205.84,Piedra Bere,2000
71,Equatorial Guinea,IV,3,227.6,339.27,Rio Campo,2000
72,Eritrea,ALL,3,1978.75,3366.49,Yob,1959
72,Eritrea,IV,3,1978.75,3366.49,Yob,1959
73,Estonia,ALL,3416,6.16,4744.75,Ziemeļvidzemes biosfēras rezervāts,1997
73,Estonia,Ia,28,2.66,19.5,"Alam-Pedja LKA, Peterna loodusreservaat",2007
73,Estonia,Ib,319,5.86,151.54,"Matsalu RP, Väinamere vabavee skv.",2008
73,Estonia,III,1113,0.0,0.28,Estonia mägi (Ees-mägi ja Tagamägi),2006
73,Estonia,IV,527,6.39,773.89,Remdovsky,1985
73,Estonia,V,885,7.55,4744.75,Ziemeļvidzemes biosfēras rezervāts,1997
73,Estonia,VI,544,16.62,1892.18,Kura kurgu hoiuala,2007
74,Ethiopia,ALL,37,5535.87,46126.66,Borana,1973
74,Ethiopia,II,12,2648.56,8451.06,Dinder,1935
74,Ethiopia,IV,8,2942.64,7354.04,Mille-Sardo,1973
74,Ethiopia,VI,17,8794.31,46126.66,Borana,1973
75,Falkland Islands,ALL,31,1.81,10.11,Leicester Falls,0
75,Falkland Islands,Ia,31,1.81,10.11,Leicester Falls,0
77,Fiji,ALL,27,128.18,1352.76,Qoliqoli Cokovata,2018
77,Fiji,Ia,8,17.15,62.81,Nadarivatu/Nadala Forest Reser,1956
77,Fiji,II,9,32.24,204.92,Sovi Basin Protected Area,2006
77,Fiji,IV,2,676.74,1352.76,Qoliqoli Cokovata,2018
77,Fiji,VI,8,210.01,1096.23,Yanuca (Malolo (Mamanuca Group)-Solevu/Yaro),2003
78,Finland,ALL,587,65.09,2930.53,Kaldoaivin erämaa,1991
78,Finland,Ia,21,110.16,783.33,Kostomukshsky,1983
78,Finland,Ib,124,182.25,2930.53,Kaldoaivin erämaa,1991
78,Finland,II,42,251.32,2536.22,Urho Kekkosen kansallispuisto,1983
78,Finland,III,2,0.38,0.53,Hytermän luonnonsuojelualue,1932
78,Finland,IV,381,5.82,1295.69,Girvasskiy,1986
78,Finland,V,4,21.58,82.95,Ráisduottarháldi,1986
78,Finland,VI,13,33.5,99.16,Björköbyn saaristo,2006
79,France,ALL,2970,52.04,24443.79,Santuario per i mammiferi marini,2001
79,France,Ia,48,3.0,25.79,Sylve d'Argenson,2006
79,France,Ib,4,2.24,6.0,Haardt-Hesselbierg-Staebierg (Dudelange-Kayl-Rumelange),1994
79,France,II,9,455.23,924.02,Ecrins,1973
79,France,III,18,3.32,34.71,Massís de l`Albera,1986
79,France,IV,2784,11.73,24443.79,Santuario per i mammiferi marini,2001
79,France,V,106,1108.83,6828.29,Cap Corse et Agriate,2016
79,France,VI,1,56.21,56.21,openbaar bos West-Vlaanderen,1990
80,French Guiana,ALL,34,2474.84,38911.28,Parque Nacional Montanhas Do Tumucumaque,2002
80,French Guiana,Ib,1,1113.19,1113.19,Lucifer Dekou Dekou,1995
80,French Guiana,II,2,29632.6,38911.28,Parque Nacional Montanhas Do Tumucumaque,2002
80,French Guiana,IV,29,131.42,1069.19,Nouragues,1995
80,French Guiana,V,2,9977.61,13686.07,Guyane (parc amazonien) [aire d'adhésion],2007
82,French Southern Territories,ALL,6,119533.14,545381.47,Réserve Naturelle Nationale des Terres australes françaises,2016
82,French Southern Territories,Ia,2,60588.03,120379.58,Réserve Naturelle Nationale des Terres australes françaises,2016
82,French Southern Territories,Ib,1,49.56,49.56,Réserve Naturelle Nationale des Terres australes françaises,2006
82,French Southern Territories,V,1,43762.18,43762.18,Glorieuses,2012
82,French Southern Territories,VI,2,276105.53,545381.47,Réserve Naturelle Nationale des Terres australes françaises,2016
83,Gabon,ALL,7,3415.48,13695.16,Odzala Kokoua,2005
83,Gabon,II,2,9431.86,13695.16,Odzala Kokoua,2005
83,Gabon,IV,5,1008.93,2787.92,Ngove-Ndogo,1966
84,Gambia,ALL,8,56.9,204.59,Baobolon Wetland Reserve,1996
84,Gambia,II,4,4.98,9.57,River Gambia,1976
84,Gambia,VI,4,108.81,204.59,Baobolon Wetland Reserve,1996
85,Georgia,ALL,86,155.58,1221.93,Sochinsky,1983
85,Georgia,Ia,19,225.8,860.73,Teberdinsky,1936
85,Georgia,II,15,426.27,1221.93,Sochinsky,1983
85,Georgia,III,28,1.05,6.7,Dashbashi Canyon,2013
85,Georgia,IV,22,105.64,833.6,Ingushsky,1971
85,Georgia,V,2,171.03,315.61,Tusheti,2003
86,Germany,ALL,17053,7.87,4395.37,Schlesw.-Holst. Wattenmeer,1985
86,Germany,Ia,1,2.11,2.11,Lutzelhardt-Adelsberg,2000
86,Germany,Ib,1,36.58,36.58,Modravské slatě,1989
86,Germany,II,21,551.85,4395.37,Schlesw.-Holst. Wattenmeer,1985
86,Germany,III,3,7.98,21.14,Královský hvozd,1991
86,Germany,IV,8358,2.36,2712.43,Waddenzee,2009
86,Germany,V,8669,11.85,2307.18,"LSG ""Bayerischer Wald""",2001
87,Ghana,ALL,17,829.62,4522.28,Mole,1971
87,Ghana,Ia,1,338.39,338.39,Kogyae,1971
87,Ghana,II,7,1768.4,4522.28,Mole,1971
87,Ghana,IV,4,88.93,153.13,Boabeng-Fiema,1974
87,Ghana,VI,5,206.14,543.76,Gbele,1975
89,Greece,ALL,784,44.29,2306.48,Ethniko Thalassio Parko Alonnisou Voreion Sporadon,1992
89,Greece,Ia,12,22.76,161.83,Zones A1 kai A6 periochis A Ethnikou Thalassiou Parkou Alonnisou Voreion Sporadon,1992
89,Greece,II,28,54.1,277.77,Prespa,1999
89,Greece,III,34,21.42,188.7,Prespansko Ezero,1977
89,Greece,IV,626,18.15,203.84,Potamou Nestou,2005
89,Greece,V,6,258.21,930.92,Ethniko Parko Anatolikis Makedonias kai Thrakis,2008
89,Greece,VI,78,247.4,2306.48,Ethniko Thalassio Parko Alonnisou Voreion Sporadon,1992
90,Greenland,ALL,12,81251.97,961673.22,Nationalparken i Nord- og Østgrønland,1974
90,Greenland,Ib,7,1814.18,7957.93,Melville Bay,1977
90,Greenland,II,1,961673.22,961673.22,Nationalparken i Nord- og Østgrønland,1974
90,Greenland,III,3,193.96,574.56,Ivittuut and Kangilinnguit,2010
90,Greenland,IV,1,69.28,69.28,Kitsissunnguit/Grønne Ejland,2008
91,Grenada,ALL,10,5.45,17.37,Grand Etang,1910
91,Grenada,II,7,5.36,17.37,Grand Etang,1910
91,Grenada,V,1,13.47,13.47,Grand Anse,2018
91,Grenada,VI,2,1.79,2.43,Annandale,0
92,Guadeloupe,ALL,79,32.95,2136.76,Guadeloupe [aire d'adhésion],1989
92,Guadeloupe,II,1,221.94,221.94,Guadeloupe,1989
92,Guadeloupe,III,1,146.66,146.66,Etangs des Salines,1998
92,Guadeloupe,IV,76,1.29,12.89,Mangrove de Vieux Bourg  A Petit Canal,2003
92,Guadeloupe,V,1,2136.76,2136.76,Guadeloupe [aire d'adhésion],1989
93,Guam,ALL,5,31.84,133.59,Guam,1993
93,Guam,IV,1,133.59,133.59,Guam,1993
93,Guam,V,4,6.41,11.61,Bolanos,0
94,Guatemala,ALL,317,94.62,4765.42,Calakmul,1989
94,Guatemala,Ia,23,500.74,2908.89,Laguna del Tigre,1990
94,Guatemala,II,16,177.36,1073.32,Chiquibul,1991
94,Guatemala,III,17,309.79,1527.97,Punta de Manabique,2005
94,Guatemala,IV,72,21.72,1053.46,Rio Bravo Conservation & Management Area,1988
94,Guatemala,V,179,3.54,25.11,Concepción,2006
94,Guatemala,VI,10,817.55,4765.42,Calakmul,1989
96,Guinea,ALL,9,1224.33,8283.42,Niokolo Koba,1954
96,Guinea,Ia,2,96.91,146.57,Mount Nimba,1944
96,Guinea,II,5,2013.68,8283.42,Niokolo Koba,1954
96,Guinea,IV,1,581.82,581.82,Réserve totale de faune de Djangoumerila,2012
96,Guinea,VI,1,175.0,175.0,Zone d'Intérêt Cynégétique de Faragama,2011
97,Guinea-Bissau,ALL,2,1030.71,1568.48,Orango,2000
97,Guinea-Bissau,II,2,1030.71,1568.48,Orango,2000
98,Guyana,ALL,10,16694.97,53630.69,Imataca,1961
98,Guyana,Ia,1,42320.73,42320.73,Estação Ecológica Do Grão Pará,2006
98,Guyana,II,2,894.79,1175.27,Parque Nacional Do Monte Roraima,1989
98,Guyana,III,1,51352.0,51352.0,Formaciones de Tepuyes,1991
98,Guyana,VI,6,11914.56,53630.69,Imataca,1961
99,Haiti,ALL,12,278.58,1156.21,Sierra de Bahoruco,1983
99,Haiti,Ib,1,174.94,174.94,Loma Charco Azul,2009
99,Haiti,II,5,530.31,1156.21,Sierra de Bahoruco,1983
99,Haiti,III,3,55.31,105.89,Las Caobas,2004
99,Haiti,IV,1,31.24,31.24,Laguna Saladilla,2004
99,Haiti,V,2,159.65,293.93,Lac de Peligre,1968
100,Heard Island and McDonald Islands,ALL,1,70844.67,70844.67,Heard Island and McDonald Islands,2002
100,Heard Island and McDonald Islands,Ia,1,70844.67,70844.67,Heard Island and McDonald Islands,2002
101,Honduras,ALL,40,969.72,8887.97,Cayos Miskitos y Franja Costera Inmediata,1991
101,Honduras,Ia,1,8887.97,8887.97,Cayos Miskitos y Franja Costera Inmediata,1991
101,Honduras,II,21,872.95,8367.36,Río Plátano,0
101,Honduras,III,7,401.93,1527.97,Punta de Manabique,2005
101,Honduras,IV,9,186.36,624.42,Estero Real,1983
101,Honduras,VI,2,3538.97,6856.15,Bosawas,1991
102,Hong Kong,ALL,10,15.54,54.54,Tai Lam,1979
102,Hong Kong,V,10,15.54,54.54,Tai Lam,1979
103,Hungary,ALL,335,35.71,811.15,Hortobágyi,1973
103,Hungary,Ia,5,0.41,0.72,Velky Milic,1967
103,Hungary,II,7,373.73,811.15,Hortobágyi,1973
103,Hungary,III,88,0.01,0.12,Egri Cakó-ő kaptárkövei,2014
103,Hungary,IV,164,6.59,505.53,Neusiedler See und Umgebung,1980
103,Hungary,V,71,116.36,606.49,Duna-Ipoly,1997
104,Iceland,ALL,108,191.77,13891.52,Vatnajokulsthjodgardur,2008
104,Iceland,Ib,2,471.18,586.19,Hornstrandir,1985
104,Iceland,II,5,2915.91,13891.52,Vatnajokulsthjodgardur,2008
104,Iceland,III,41,2.45,34.21,Gervigar i Alftaveri,1975
104,Iceland,IV,18,40.6,396.52,Gudlaugstungur,2005
104,Iceland,V,29,142.1,2831.09,Breidafjordur,1995
104,Iceland,VI,13,18.24,198.36,Vatnsfjordur,1975
105,India,ALL,334,572.06,13647.36,Kachchh Desert,1986
105,India,Ia,1,613.03,613.03,Torsa,1993
105,India,Ib,1,377.48,377.48,Gulf Of Mannar,1989
105,India,II,64,669.67,4331.66,Hkakaborazi N.P,1996
105,India,IV,262,540.96,13647.36,Kachchh Desert,1986
105,India,VI,6,914.66,2044.92,Kanchanjunga,1998
106,Indonesia,ALL,573,668.3,33764.85,KKPN LAUT SAWU,2009
106,Indonesia,Ia,153,274.25,4782.99,Pegunungan Tamrau Selatan,0
106,Indonesia,Ib,3,743.91,2105.42,Kepulauan Karimata,1985
106,Indonesia,II,56,3552.13,33764.85,KKPN LAUT SAWU,2009
106,Indonesia,III,66,48.28,2148.72,Morowali,0
106,Indonesia,IV,75,365.32,3580.39,Tamrau Utara,0
106,Indonesia,V,116,60.13,731.88,Teluk Lasolo,0
106,Indonesia,VI,104,983.28,12713.9,"KKPN KEPULAUAN ANAMBAS DAN LAUT SEKITARNYA
",2014
107,Iran,ALL,113,999.92,15425.31,Naybandan,2001
107,Iran,Ia,4,1117.21,2663.26,Hazar,1932
107,Iran,II,17,938.04,4440.35,Kavir,1982
107,Iran,III,2,16.2,29.86,Damavand Gholeh-e-,2002
107,Iran,IV,37,1099.75,15425.31,Naybandan,2001
107,Iran,V,53,978.34,14964.02,Touran,1976
108,Iraq,ALL,4,950.24,1400.77,Central Marshes,2013
108,Iraq,II,1,1400.77,1400.77,Central Marshes,2013
108,Iraq,IV,2,1081.18,1151.09,Barzan Area and Gali Balnda,2003
108,Iraq,V,1,237.84,237.84,Bozin and Marakhil,2000
109,Ireland,ALL,185,8.29,578.16,Mourne AONB,1986
109,Ireland,IV,183,4.38,47.14,Western Mournes and Kilfeaghan Upper,2014
109,Ireland,V,2,365.54,578.16,Mourne AONB,1986
110,Isle of Man,ALL,30,1.06,10.79,Greeba Mountain and Central Hills,2008
110,Isle of Man,IV,30,1.06,10.79,Greeba Mountain and Central Hills,2008
111,Israel,ALL,98,28.51,1026.82,Har Ha Negev,1989
111,Israel,II,1,31.63,31.63,Mount Caramel,1971
111,Israel,IV,97,28.48,1026.82,Har Ha Negev,1989
112,Italy,ALL,921,73.0,24443.79,Santuario per i mammiferi marini,2001
112,Italy,Ia,117,6.81,170.26,Schweizerischer Nationalpark,1914
112,Italy,II,29,671.55,1824.4,Parco nazionale del Pollino,1988
112,Italy,III,67,1.06,14.68,Monumento naturale Lago di Fondi,2006
112,Italy,IV,516,76.52,24443.79,Santuario per i mammiferi marini,2001
112,Italy,V,192,38.55,938.36,Mercantour [aire d'adhésion],1979
113,Jamaica,ALL,126,24.94,1983.75,Portland Bight,1999
113,Jamaica,IV,8,6.73,16.39,Galleon Harbour,2009
113,Jamaica,V,1,1983.75,1983.75,Portland Bight,1999
113,Jamaica,VI,117,9.45,458.54,Blue Mountain Forest Reserve,1950
114,Japan,ALL,4796,48.79,48673.78,Common fishery right area(Hokkaido),2013
114,Japan,Ia,6,9.39,19.2,Onnebetsudake,1980
114,Japan,Ib,40,169.52,1437.4,Hidaka Mountain Range,1995
114,Japan,II,22,911.4,2267.79,Daisetsuzan,1934
114,Japan,IV,3739,9.84,1106.61,Kita alps,1984
114,Japan,V,920,67.24,9065.75,Setonaikai,1934
114,Japan,VI,69,1571.3,48673.78,Common fishery right area(Hokkaido),2013
115,Jersey,ALL,19,0.25,1.3,Les Blanches Banques,1996
115,Jersey,V,19,0.25,1.3,Les Blanches Banques,1996
116,Jordan,ALL,9,1439.31,12324.89,At-Tubayq,1989
116,Jordan,II,2,250.93,292.45,Dana Biosphere Reserve,1989
116,Jordan,IV,6,21.17,61.12,Fifa Nature Reserve,2016
116,Jordan,VI,1,12324.89,12324.89,At-Tubayq,1989
117,Kazakhstan,ALL,44,1443.7,6336.95,Ugam-Chatkal,1990
117,Kazakhstan,Ia,11,982.81,2504.44,Kurgal'dzhinskiy,1968
117,Kazakhstan,II,4,3116.28,6336.95,Ugam-Chatkal,1990
117,Kazakhstan,IV,27,1385.68,4117.89,Verkhnekoksyiskiy,1981
117,Kazakhstan,VI,2,1416.8,2555.73,Ukok,1994
118,Kenya,ALL,57,1922.6,46126.66,Borana,1973
118,Kenya,II,36,1343.74,13511.88,Tsavo East,1948
118,Kenya,III,1,1768.92,1768.92,Matheniko,1964
118,Kenya,IV,3,1149.1,3441.75,Mkomazi National Park,1951
118,Kenya,VI,17,3293.98,46126.66,Borana,1973
120,Kosovo,ALL,3,569.99,871.44,Liqeni I Ulzes,2013
120,Kosovo,Ia,1,102.76,102.76,Lumi i Gashit,1996
120,Kosovo,II,1,735.79,735.79,Mavrovo,1949
120,Kosovo,IV,1,871.44,871.44,Liqeni I Ulzes,2013
121,Kuwait,ALL,12,259.63,1011.27,Demilitarized Zone Natural Reserve,2011
121,Kuwait,II,1,325.82,325.82,Sabah Al-Ahmad Natural Reserve,1988
121,Kuwait,IV,8,218.67,1011.27,Demilitarized Zone Natural Reserve,2011
121,Kuwait,V,3,346.77,522.89,Wadi Al-Batin Natural Reserve,2011
122,Kyrgyzstan,ALL,32,1437.11,23357.75,Таджикский Национальный парк,1999
122,Kyrgyzstan,Ia,7,1331.2,6315.43,Issyk-Kul,1948
122,Kyrgyzstan,II,9,3716.88,23357.75,Таджикский Национальный парк,1999
122,Kyrgyzstan,IV,16,201.08,527.96,Chandalash,1975
123,Laos,ALL,37,1340.45,3594.86,Nakai - Nam Theun,1993
123,Laos,Ia,1,411.54,411.54,Boon Trik - Yod Mon,2009
123,Laos,II,12,1035.06,3399.22,Virachey,1993
123,Laos,IV,3,859.83,1912.98,Preah Vihear,1999
123,Laos,VI,21,1627.86,3594.86,Nakai - Nam Theun,1993
124,Latvia,ALL,755,26.09,4744.75,Ziemeļvidzemes biosfēras rezervāts,1997
124,Latvia,Ib,6,42.0,197.31,Teiču dabas rezervāts,1982
124,Latvia,II,47,97.39,915.98,Gaujas nacionālais parks,1973
124,Latvia,III,355,0.15,5.75,Kaltenes kalvas,1962
124,Latvia,IV,317,25.43,1719.25,Irbes šaurums,2010
124,Latvia,V,19,342.09,4744.75,Ziemeļvidzemes biosfēras rezervāts,1997
124,Latvia,VI,11,23.19,176.44,Birzu girios biosferos poligonas,2004
125,Lebanon,ALL,4,0.74,1.7,Rosh HaNigra,1969
125,Lebanon,IV,4,0.74,1.7,Rosh HaNigra,1969
126,Lesotho,ALL,1,69.75,69.75,Sehlabathebe,1970
126,Lesotho,IV,1,69.75,69.75,Sehlabathebe,1970
127,Liberia,ALL,2,96.91,146.57,Mount Nimba,1944
127,Liberia,Ia,2,96.91,146.57,Mount Nimba,1944
128,Libya,ALL,2,53530.02,99331.43,Parc Culturel du Tassili (Illizi),1972
128,Libya,II,1,99331.43,99331.43,Parc Culturel du Tassili (Illizi),1972
128,Libya,VI,1,7728.61,7728.61,Siwa,2002
129,Liechtenstein,ALL,49,0.88,10.74,Nenzinger Himmel,1958
129,Liechtenstein,Ia,11,0.24,0.91,Ruggeller Riet,1991
129,Liechtenstein,Ib,9,1.42,9.22,Garsaelli,2001
129,Liechtenstein,IV,27,1.01,10.74,Nenzinger Himmel,1958
129,Liechtenstein,V,2,0.38,0.64,"Periol, Bofel, Neufeld, Undera Forst",2013
130,Lithuania,ALL,491,23.58,583.53,Dzukijos nacionalinis parkas,1991
130,Lithuania,Ia,6,61.66,184.57,Zuvinto biosferos rezervatas,2002
130,Lithuania,II,6,275.04,583.53,Dzukijos nacionalinis parkas,1991
130,Lithuania,III,1,19.89,19.89,Ozero Vishtynetskoe,1974
130,Lithuania,IV,416,5.45,296.7,Vishtynetskiy,1994
130,Lithuania,V,33,143.21,551.93,Labanoro regioninis parkas,1992
130,Lithuania,VI,29,87.74,310.53,Kursiu marios Biosphere Polygon,2009
131,Luxembourg,ALL,134,31.63,804.5,PN de la Haute-Sure et de la Foret d'Anlier,2001
131,Luxembourg,Ib,49,1.36,15.01,Bruch - Pont Misère,2014
131,Luxembourg,II,2,234.38,305.74,Parc Naturel de l'Our,1965
131,Luxembourg,IV,77,13.79,168.78,Vallée de la Haute-Sûre,2003
131,Luxembourg,V,5,528.3,804.5,PN de la Haute-Sure et de la Foret d'Anlier,2001
131,Luxembourg,VI,1,0.11,0.11,Attert,1981
133,Macedonia,ALL,84,51.44,871.44,Liqeni I Ulzes,2013
133,Macedonia,Ia,2,39.02,77.81,Tikvesh,1997
133,Macedonia,II,5,353.73,735.79,Mavrovo,1949
133,Macedonia,III,57,13.81,247.6,Ohridsko Ezero,1977
133,Macedonia,IV,16,68.29,871.44,Liqeni I Ulzes,2013
133,Macedonia,V,2,13.73,26.37,Dolina Pcinje,1996
133,Macedonia,VI,2,283.46,324.13,Ethniko Parko limnon Mikris kai Megalis Prespas,2009
134,Madagascar,ALL,69,478.24,7266.08,Le Lac Alaotra: les zones humides et basin,2003
134,Madagascar,Ia,3,454.44,838.81,Tsingy de Bemaraha,1927
134,Madagascar,II,27,489.63,2107.07,Masoala,1997
134,Madagascar,IV,21,169.88,422.87,Analamerana,1956
134,Madagascar,V,15,931.63,7266.08,Le Lac Alaotra: les zones humides et basin,2003
134,Madagascar,VI,3,291.14,445.18,Soariake,2008
135,Malawi,ALL,10,2535.71,14514.76,Musalangu,1971
135,Malawi,II,5,1400.75,3113.57,Nyika National Park,1965
135,Malawi,IV,4,959.64,1796.09,Nkhotakota Wildlife Reserve,1954
135,Malawi,VI,1,14514.76,14514.76,Musalangu,1971
136,Malaysia,ALL,164,290.41,12808.37,Kayan Mentarang,0
136,Malaysia,Ia,97,53.52,633.99,Maliau Basin,1983
136,Malaysia,II,44,783.03,12808.37,Kayan Mentarang,0
136,Malaysia,III,1,0.46,0.46,Wang Pinanag,1984
136,Malaysia,IV,14,472.72,2431.97,Turtle Islands,1999
136,Malaysia,V,7,162.32,877.26,Endau-Kota Tinggi (West),1933
136,Malaysia,VI,1,227.42,227.42,Kulamba,1984
138,Mali,ALL,25,3092.5,28753.25,Réserve partielle de faune dite des Eléphants du Gourma,1959
138,Mali,II,4,493.03,624.34,Parc National Kouroufing,2002
138,Mali,IV,13,5065.24,28753.25,Réserve partielle de faune dite des Eléphants du Gourma,1959
138,Mali,VI,8,1186.53,5030.89,Zone d'Intérêt Cynégétique de Tidermene-Alata,2004
139,Malta,ALL,191,6.34,557.9,Il-Baħar ta' madwar Għawdex,2016
139,Malta,Ia,2,0.09,0.11,Il-Gżejjer Selmunett (Gżejjer ta' San Pawl),1993
139,Malta,II,1,2.5,2.5,"Il-Majjistral, Park ta’ Natura u Storja",2007
139,Malta,III,6,0.03,0.07,"Bidnija, Wardija (Żebbuġ Antik)",1933
139,Malta,IV,168,6.74,557.9,Il-Baħar ta' madwar Għawdex,2016
139,Malta,V,13,4.85,28.65,Diversi Rdumijiet,1996
139,Malta,VI,1,13.0,13.0,Il-Baħar ta' Madwar Filfla,1990
140,Marshall Islands,ALL,11,477.98,2800.12,Rongelap,2002
140,Marshall Islands,Ib,4,282.36,1028.58,Ailinginae,2002
140,Marshall Islands,VI,7,589.76,2800.12,Rongelap,2002
141,Martinique,ALL,51,19.17,743.17,Martinique,1976
141,Martinique,Ia,2,15.43,23.15,Montagne Pelée,2007
141,Martinique,III,1,146.66,146.66,Etangs des Salines,1998
141,Martinique,IV,47,1.21,8.92,Baie de Genipa,2004
141,Martinique,V,1,743.17,743.17,Martinique,1976
142,Mauritania,ALL,1,11925.74,11925.74,Banc d'Arguin,1978
142,Mauritania,II,1,11925.74,11925.74,Banc d'Arguin,1978
143,Mauritius,ALL,21,5.85,56.49,Black River Gorges,1994
143,Mauritius,II,3,21.03,56.49,Black River Gorges,1994
143,Mauritius,IV,18,3.32,28.27,Poudre d'Or,2000
144,Mayotte,ALL,24,2867.77,68801.07,Mayotte,2010
144,Mayotte,IV,23,1.11,5.03,Pointes et Plages de Saziley et Charifou,1997
144,Mayotte,V,1,68801.07,68801.07,Mayotte,2010
145,Mexico,ALL,568,1326.52,391265.23,Pacífico Mexicano Profundo,2016
145,Mexico,Ia,45,10556.67,391265.23,Pacífico Mexicano Profundo,2016
145,Mexico,Ib,5,1408.43,3213.69,Cabeza Prieta,1990
145,Mexico,II,76,139.1,3102.11,Big Bend,1944
145,Mexico,III,4,35.44,60.67,Cerro de La Silla,1991
145,Mexico,IV,11,1759.39,12226.18,Lower Rio Grande Valley,1979
145,Mexico,V,7,388.81,1335.8,Organ Pipe Cactus,1978
145,Mexico,VI,420,568.05,25241.62,Valle de Los Cirios,2000
146,Micronesia,ALL,2,236.29,472.34,Orloluk,0
146,Micronesia,V,2,236.29,472.34,Orloluk,0
147,Moldova,ALL,6,23.08,81.07,Lunca Joasa a Prutului Inferior,2005
147,Moldova,III,1,43.59,43.59,Râul Prut,1994
147,Moldova,IV,4,3.45,11.98,Lunca joasa a Prutului,1994
147,Moldova,V,1,81.07,81.07,Lunca Joasa a Prutului Inferior,2005
149,Mongolia,ALL,97,2791.88,53464.88,Great Gobi,1975
149,Mongolia,Ia,8,8701.27,53464.88,Great Gobi,1975
149,Mongolia,Ib,10,5150.0,18314.87,"Gobiin baga /A/, /B/",1996
149,Mongolia,II,31,3767.75,26943.35,Gobi Gurvansaikhan range,1993
149,Mongolia,III,16,86.24,312.29,Dayandeerxiin agui,2006
149,Mongolia,IV,1,1490.05,1490.05,Kosh-Agachskiy,1989
149,Mongolia,VI,31,968.77,4545.31,Toson Hulslai,1998
150,Montenegro,ALL,10,129.82,324.94,Piva,2015
150,Montenegro,Ia,1,102.76,102.76,Lumi i Gashit,1996
150,Montenegro,II,5,74.96,214.15,Lugina e Valbones,1996
150,Montenegro,IV,1,265.41,265.41,Liqenit i Shkodres,2005
150,Montenegro,V,3,185.09,324.94,Piva,2015
151,Montserrat,ALL,1,11.18,11.18,Centre Hills,2014
151,Montserrat,VI,1,11.18,11.18,Centre Hills,2014
152,Morocco,ALL,10,766.74,1661.29,Khenefiss National Park,2006
152,Morocco,II,10,766.74,1661.29,Khenefiss National Park,2006
153,Mozambique,ALL,20,3178.07,22859.87,Niassa,1960
153,Mozambique,II,9,3556.06,22859.87,Niassa,1960
153,Mozambique,IV,6,3833.63,8146.6,Quirimbas,2002
153,Mozambique,V,2,3626.76,4050.18,Bloco E Niassa Hunter,0
153,Mozambique,VI,3,433.87,1083.37,Regime de Vigilância da Extinta Coutada No. 3 (Nkanga Ntoce),1965
154,Myanmar,ALL,64,1173.0,11836.17,Shark P.A,2004
154,Myanmar,Ia,11,1173.25,3715.96,Thungyai Naresuan,1974
154,Myanmar,II,18,975.24,4331.66,Hkakaborazi N.P,1996
154,Myanmar,III,1,137.98,137.98,Kyaikhtiyoe W.S,2001
154,Myanmar,IV,34,1308.05,11836.17,Shark P.A,2004
155,Namibia,ALL,20,8143.6,50991.18,Namib-Naukluft,1986
155,Namibia,Ib,2,18306.23,26050.6,Gemsbok,1971
155,Namibia,II,11,10562.22,50991.18,Namib-Naukluft,1986
155,Namibia,III,2,0.74,1.07,Gross Barmen Hot Springs,1968
155,Namibia,IV,1,9.94,9.94,Cape Cross Seal Reserve,1969
155,Namibia,V,3,173.91,244.23,Hardap Recreation Resort,1968
155,Namibia,VI,1,9541.99,9541.99,Namibian Islands Marine Protected Area,2009
157,Nepal,ALL,37,1027.0,7789.78,Annapurna,1992
157,Nepal,II,13,1039.37,3611.23,Shey-Phoksundo,1984
157,Nepal,IV,5,380.6,559.37,Parsa,1984
157,Nepal,VI,19,1188.65,7789.78,Annapurna,1992
158,Netherlands,ALL,291,62.04,3449.65,Niedersächsisches Wattenmeer,1986
158,Netherlands,II,21,231.3,3449.65,Niedersächsisches Wattenmeer,1986
158,Netherlands,IV,221,55.63,2712.43,Waddenzee,2009
158,Netherlands,V,46,11.43,81.22,LSG-Aachen,1988
158,Netherlands,VI,3,125.14,201.93,openbaar bos Limburg,1990
159,New Caledonia,ALL,31,58107.32,1291642.74,Natural Park of the Coral Sea,2014
159,New Caledonia,Ia,2,113.4,171.72,Yves Merlet,1970
159,New Caledonia,II,5,101831.37,505518.27,Coral Sea,2012
159,New Caledonia,IV,19,15.14,71.48,Reserve Speciale de Faune de la Haute Yate,1960
159,New Caledonia,V,4,3.21,6.67,Îlot Larégnère,1989
159,New Caledonia,VI,1,1291642.74,1291642.74,Natural Park of the Coral Sea,2014
160,New Zealand,ALL,5544,113.52,460049.84,Kermadec,2007
160,New Zealand,Ia,208,92.91,7577.51,Kermadec Islands,1990
160,New Zealand,Ib,11,462.7,1233.95,Glaisnock,1974
160,New Zealand,II,14,2222.62,12734.74,Fiordland,1978
160,New Zealand,III,4361,7.58,1886.21,Cook River to Haast River,1987
160,New Zealand,IV,893,2.57,170.96,Tasman Islands,1957
160,New Zealand,V,53,386.91,2049.46,Victoria Forest,1981
160,New Zealand,VI,4,129494.54,460049.84,Kermadec,2007
161,Nicaragua,ALL,54,447.49,8887.97,Cayos Miskitos y Franja Costera Inmediata,1991
161,Nicaragua,Ia,1,8887.97,8887.97,Cayos Miskitos y Franja Costera Inmediata,1991
161,Nicaragua,II,3,1319.67,3778.15,Patuca,1987
161,Nicaragua,III,2,108.3,180.57,Archipiélago de Solentiname,1990
161,Nicaragua,IV,47,90.31,624.42,Estero Real,1983
161,Nicaragua,VI,1,6856.15,6856.15,Bosawas,1991
162,Niger,ALL,11,28251.12,99331.43,Parc Culturel du Tassili (Illizi),1972
162,Niger,Ia,1,12805.64,12805.64,Addax Sanctuary,1988
162,Niger,II,4,27454.95,99331.43,Parc Culturel du Tassili (Illizi),1972
162,Niger,IV,6,31356.16,97923.73,Réserve Naturelle et Culturelle de Termit-Tintoumma,2012
163,Nigeria,ALL,18,1707.3,5906.18,Gashaka-Gumti,1991
163,Nigeria,Ia,1,4.93,4.93,Lekki,0
163,Nigeria,II,8,2760.93,5906.18,Gashaka-Gumti,1991
163,Nigeria,IV,9,959.89,2402.58,Yankari,1991
164,Niue,ALL,1,57.69,57.69,Hakupu Cultural and Heritage Park,1998
164,Niue,III,1,57.69,57.69,Hakupu Cultural and Heritage Park,1998
165,Norfolk Island,ALL,4,31555.47,126214.94,Norfolk,2012
165,Norfolk Island,II,2,3.44,4.95,Norfolk Island (Mt Pitt),1993
165,Norfolk Island,IV,1,0.06,0.06,Norfolk Island,1993
165,Norfolk Island,VI,1,126214.94,126214.94,Norfolk,2012
166,North Korea,ALL,16,47.59,497.92,Hasanskiy,1997
166,North Korea,II,1,497.92,497.92,Hasanskiy,1997
166,North Korea,IV,14,18.69,82.22,Mt. Baekam Forest Reserve,2006
166,North Korea,V,1,1.93,1.93,Dumujin in Baeknyeongdo Island Ongjin,1997
168,Northern Mariana Islands,ALL,19,13575.94,256880.64,Marianas Trench,2009
168,Northern Mariana Islands,Ia,2,2.29,2.77,Forbidden Island,2000
168,Northern Mariana Islands,III,1,0.65,0.65,American,0
168,Northern Mariana Islands,IV,2,113.86,222.62,Mariana Arc Of Fire,2009
168,Northern Mariana Islands,V,14,18407.85,256880.64,Marianas Trench,2009
169,Norway,ALL,2520,34.56,5526.66,Vindelfjällen,1974
169,Norway,Ia,1993,4.11,402.6,Froan,1979
169,Norway,Ib,22,1128.8,5526.66,Vindelfjällen,1974
169,Norway,II,43,814.75,3421.14,Hardangervidda,1981
169,Norway,III,107,0.01,0.34,Repparfjord,1983
169,Norway,IV,222,25.81,2314.42,Setesdal Vesthei Ryfylkeheiane,2000
169,Norway,V,133,100.0,1201.44,Trollheimen,1987
170,Oman,ALL,6,1439.44,4852.7,Jabal Samhan Nature Reserve,1997
170,Oman,II,2,3848.78,4852.7,Jabal Samhan Nature Reserve,1997
170,Oman,IV,2,247.03,281.83,Ra's Al Hadd,1996
170,Oman,V,2,222.51,297.3,Al Jabal Al AKhdar Scenic Reserve,2011
171,Pakistan,ALL,63,884.0,13647.36,Kachchh Desert,1986
171,Pakistan,II,6,1640.11,3340.51,Khunjerab,1975
171,Pakistan,IV,50,894.54,13647.36,Kachchh Desert,1986
171,Pakistan,V,5,188.68,626.92,Hazar Ganji-Chiltan,1980
171,Pakistan,VI,2,90.4,103.32,Wam,1962
172,Palau,ALL,25,10.42,169.04,Ngaremeduu,0
172,Palau,V,25,10.42,169.04,Ngaremeduu,0
173,Palestina,ALL,29,9.07,54.76,Shubash,0
173,Palestina,Ia,4,4.56,13.08,Suba,0
173,Palestina,III,2,0.02,0.04,En Nabi Gheit,0
173,Palestina,IV,22,10.95,54.76,Shubash,0
173,Palestina,V,1,3.74,3.74,Wadi el Quff,0
174,Panama,ALL,25,671.24,5716.67,Darién,1980
174,Panama,II,13,1049.65,5716.67,Darién,1980
174,Panama,III,2,43.36,82.47,Barro Colorado,1977
174,Panama,IV,6,89.92,244.59,Isla Cañas,1994
174,Panama,V,1,3.88,3.88,Lago Gatún,1986
174,Panama,VI,3,835.14,1688.62,Palo Seco,1983
175,Papua New Guinea,ALL,5,719.68,3337.71,Maza (I),1978
175,Papua New Guinea,VI,5,719.68,3337.71,Maza (I),1978
177,Paraguay,ALL,90,306.03,7081.43,Defensores del Chaco,1975
177,Paraguay,Ia,2,9.95,17.56,Ybera,2015
177,Paraguay,II,16,1181.55,7081.43,Defensores del Chaco,1975
177,Paraguay,III,12,190.65,1216.99,Cerro Cabrera - Timane,2001
177,Paraguay,IV,48,115.84,1322.05,Area de proteccion del Quebracho Colorado,0
177,Paraguay,V,3,1.51,3.95,Salto del Moday,2012
177,Paraguay,VI,9,85.01,337.99,Lago Ypacarai,2014
178,Peru,ALL,73,3122.58,25235.03,Alto Purús,2004
178,Peru,Ia,1,796.1,796.1,Estação Ecológica Rio Acre,1981
178,Peru,II,18,6900.12,25235.03,Alto Purús,2004
178,Peru,III,13,281.12,2169.13,Megantoni,2004
178,Peru,IV,3,69.69,122.59,Bosques Nublados de Udima,2011
178,Peru,V,2,3579.38,4931.17,Sub Cuenca del Cotahuasi,2005
178,Peru,VI,36,2553.54,21861.84,Pacaya Samiria,1972
179,Philippines,ALL,261,300.29,11848.49,Palawan,1975
179,Philippines,II,36,382.39,4610.29,Samar Island,2003
179,Philippines,III,7,69.34,150.9,Chocolate Hills,1997
179,Philippines,IV,17,1673.32,11848.49,Palawan,1975
179,Philippines,V,140,228.13,5383.28,Tañon Strait,1998
179,Philippines,VI,61,61.32,805.21,Upper Agno River Basin,2000
181,Poland,ALL,1639,22.61,884.29,Belowezskaya Pushcha,1939
181,Poland,Ia,8,3.31,7.61,Stuzica,1965
181,Poland,Ib,5,30.1,59.6,Ticha dolina,1991
181,Poland,II,21,202.05,884.29,Belowezskaya Pushcha,1939
181,Poland,III,5,4.96,16.19,Reka Krasnaya,1974
181,Poland,IV,1462,1.87,296.7,Vishtynetskiy,1994
181,Poland,V,138,216.53,861.4,Park Krajobrazowy Dolina Baryczy,1996
182,Portugal,ALL,204,64.98,1866.37,Sierra de Aracena y Picos de Aroche,1989
182,Portugal,Ia,13,39.05,251.24,Parque Natural Tajo Internacional,2006
182,Portugal,Ib,15,9.64,28.92,Vale da Ribeira da Janela,1982
182,Portugal,II,1,696.38,696.38,Peneda-Gerês,1971
182,Portugal,III,21,1.96,9.67,Portas de Rodão,2009
182,Portugal,IV,61,17.13,240.07,Estuário do Sado,1980
182,Portugal,V,47,203.97,1866.37,Sierra de Aracena y Picos de Aroche,1989
182,Portugal,VI,46,26.85,445.2,Madeira,1982
183,Puerto Rico,ALL,75,49.21,1578.1,Isla de Mona,1986
183,Puerto Rico,Ia,6,4.44,9.13,"El Pantano, Bosque de Pterocarpus y Lagunas Mandry y Santa Teresa",1984
183,Puerto Rico,Ib,1,41.72,41.72,El Toro,1989
183,Puerto Rico,III,1,0.22,0.22,Estación Experimental Agrícola,0
183,Puerto Rico,IV,6,59.08,265.2,Punta Yegüas,1975
183,Puerto Rico,V,48,61.46,1578.1,Isla de Mona,1986
183,Puerto Rico,VI,13,24.4,116.7,El Yunque,1903
184,Qatar,ALL,1,0.8,0.8,Al Shahaniyah Park,1979
184,Qatar,IV,1,0.8,0.8,Al Shahaniyah Park,1979
185,Republic of Congo,ALL,15,2731.63,13695.16,Odzala Kokoua,2005
185,Republic of Congo,II,6,4926.95,13695.16,Odzala Kokoua,2005
185,Republic of Congo,IV,9,1268.09,4541.6,Lac Télé,2001
186,Reunion,ALL,30,59.99,1060.68,Réunion,2007
186,Reunion,Ia,5,15.95,41.69,Hauts de Saint-Philippe,1987
186,Reunion,II,1,1060.68,1060.68,Réunion,2007
186,Reunion,IV,23,5.59,48.1,Bebour,1994
186,Reunion,V,1,530.61,530.61,Réunion [aire d'adhésion],2007
187,Romania,ALL,793,19.89,1333.65,Muntii Maramuresului,2005
187,Romania,Ia,37,18.53,414.32,Karpatskiy,1968
187,Romania,II,14,272.23,637.51,Nacionalni park Djerdap,1974
187,Romania,III,173,0.98,44.15,Vrsacke planine,1982
187,Romania,IV,544,3.97,190.55,Complexul Sacalin Zatoane,1961
187,Romania,V,20,443.85,1333.65,Muntii Maramuresului,2005
187,Romania,VI,5,14.29,58.24,Kalimok - Brashlen,2001
188,Russia,ALL,2060,1091.46,139554.97,Zemlya Frantsa-Iosifa / Franz Josef Land,1994
188,Russia,Ia,121,4300.04,38894.65,Bolshoy Arktichesky / Great Arctic,1993
188,Russia,Ib,7,3144.21,17453.45,Khan Khentii,2012
188,Russia,II,68,2953.56,22820.03,Momskiy,1996
188,Russia,III,440,32.45,807.2,Ostrov Iony s prilegajuschej vodnoj territoriej,0
188,Russia,IV,1192,953.26,139554.97,Zemlya Frantsa-Iosifa / Franz Josef Land,1994
188,Russia,V,118,76.4,909.99,Ostrov Morotskoe,0
188,Russia,VI,114,3032.33,20184.1,Muna,1995
189,Rwanda,ALL,8,1331.12,7878.93,Virunga,1925
189,Rwanda,II,5,1917.8,7878.93,Virunga,1925
189,Rwanda,IV,3,353.32,1025.45,Nyungwe,1933
190,Saint-Barthélemy,ALL,5,31.9,146.66,Etangs des Salines,1998
190,Saint-Barthélemy,III,1,146.66,146.66,Etangs des Salines,1998
190,Saint-Barthélemy,IV,4,3.21,12.59,Saint-Barthélemy,1996
191,Saint-Martin,ALL,22,8.6,146.66,Etangs des Salines,1998
191,Saint-Martin,III,1,146.66,146.66,Etangs des Salines,1998
191,Saint-Martin,IV,21,2.03,33.87,Saint-Martin,1998
192,Saint Helena,ALL,8,2.45,10.29,Green Mountain National Park,2005
192,Saint Helena,Ia,1,0.05,0.05,Boatswain Bird Island Sanctuary,2014
192,Saint Helena,IV,6,1.54,3.39,Letterbox Peninsula Nature Reserve,2014
192,Saint Helena,V,1,10.29,10.29,Green Mountain National Park,2005
194,Saint Lucia,ALL,6,22.28,92.48,Castries and Dennery Waterworks Reserve and Marquis,1916
194,Saint Lucia,II,1,92.48,92.48,Castries and Dennery Waterworks Reserve and Marquis,1916
194,Saint Lucia,V,5,8.24,17.09,"West Coast (incl. Soufriere, Rachette Reefs, Petit Piton, Gros Piton and Anse Chastenets)",1995
195,Saint Pierre and Miquelon,ALL,2,7.09,14.06,Isthme de Miquelon-Langlade,2005
195,Saint Pierre and Miquelon,IV,2,7.09,14.06,Isthme de Miquelon-Langlade,2005
196,Saint Vincent and the Grenadines,ALL,29,9.27,52.07,Tobago Cays-Mayreau,1987
196,Saint Vincent and the Grenadines,II,2,52.07,52.07,Tobago Cays-Mayreau,1987
196,Saint Vincent and the Grenadines,IV,24,5.94,29.98,Richmond,0
196,Saint Vincent and the Grenadines,V,1,5.63,5.63,Mustique,0
196,Saint Vincent and the Grenadines,VI,2,8.26,13.03,Union-Palm Island,1987
197,Samoa,ALL,2,49.1,50.36,O Le Pupū Puē National Park,2016
197,Samoa,II,2,49.1,50.36,O Le Pupū Puē National Park,2016
200,Saudi Arabia,ALL,31,3222.26,19368.52,Al-Khunfah,1987
200,Saudi Arabia,Ia,2,8056.2,13853.96,Harrat al-Harrah,1987
200,Saudi Arabia,II,2,1303.8,1819.17,Ibex Reserve (Hawtat Bani Tamin),1988
200,Saudi Arabia,III,2,104.53,172.24,Rawdat Khuraym,0
200,Saudi Arabia,IV,4,258.8,1011.27,Demilitarized Zone Natural Reserve,2011
200,Saudi Arabia,V,3,456.55,629.39,The Haram of Makkah,0
200,Saudi Arabia,VI,18,4364.22,19368.52,Al-Khunfah,1987
201,Senegal,ALL,13,1721.88,8283.42,Niokolo Koba,1954
201,Senegal,II,6,1579.55,8283.42,Niokolo Koba,1954
201,Senegal,IV,3,4096.13,6717.4,Ferlo-Sud,1972
201,Senegal,V,2,154.46,301.85,Kalissaye,2017
201,Senegal,VI,2,154.89,204.59,Baobolon Wetland Reserve,1996
202,Serbia,ALL,239,26.68,1280.55,Portile de Fier,1980
202,Serbia,Ia,7,0.65,4.16,Bagremara,2007
202,Serbia,Ib,1,0.44,0.44,Vinatovaca,1957
202,Serbia,II,3,335.69,637.51,Nacionalni park Djerdap,1974
202,Serbia,III,167,0.55,44.15,Vrsacke planine,1982
202,Serbia,IV,35,39.53,353.03,Deliblatska pescara,1965
202,Serbia,V,24,155.41,1280.55,Portile de Fier,1980
202,Serbia,VI,2,79.32,128.21,Vlasina,2006
203,Seychelles,ALL,8,51.72,353.81,Aldabra,1981
203,Seychelles,Ia,2,177.76,353.81,Aldabra,1981
203,Seychelles,Ib,1,8.27,8.27,African Banks,1987
203,Seychelles,II,5,10.0,21.46,Silhouette Marine,1987
204,Sierra Leone,ALL,7,322.78,740.09,Outamba,1995
204,Sierra Leone,II,5,406.74,740.09,Outamba,1995
204,Sierra Leone,IV,1,12.59,12.59,Tiwai Island Sanctuary,1987
204,Sierra Leone,VI,1,213.2,213.2,Kangari Hills,2012
205,Singapore,ALL,4,8.42,30.64,Central Catchment Nature Reserve,1990
205,Singapore,Ib,4,8.42,30.64,Central Catchment Nature Reserve,1990
206,Sint Maarten,ALL,1,146.66,146.66,Etangs des Salines,1998
206,Sint Maarten,III,1,146.66,146.66,Etangs des Salines,1998
207,Slovakia,ALL,1143,13.6,1203.98,Beskydy,1973
207,Slovakia,Ia,351,1.29,14.36,Choc,1982
207,Slovakia,Ib,23,19.45,59.6,Ticha dolina,1991
207,Slovakia,II,14,268.16,759.6,Nizke Tatry,1978
207,Slovakia,III,306,0.07,3.78,Cachticka jaskyna,1972
207,Slovakia,IV,422,0.68,48.6,Stuzhitsya,0
207,Slovakia,V,27,391.83,1203.98,Beskydy,1973
208,Slovenia,ALL,1257,3.56,839.54,Triglavski narodni park,1924
208,Slovenia,Ia,5,0.42,0.81,Ribniki v dolini Drage pri Igu,2008
208,Slovenia,Ib,49,1.45,22.43,Dolina Triglavskih jezer,1990
208,Slovenia,II,1,839.54,839.54,Triglavski narodni park,1924
208,Slovenia,III,1147,0.17,18.8,Soča (reka),1990
208,Slovenia,IV,5,23.08,94.3,Parco naturale delle Prealpi Giulie,1996
208,Slovenia,V,50,65.21,462.48,Krajinski park Goričko,2003
209,Solomon Islands,ALL,2,148.6,154.53,Arnavon Islands,1995
209,Solomon Islands,V,1,142.67,142.67,Tetepare,2002
209,Solomon Islands,VI,1,154.53,154.53,Arnavon Islands,1995
211,South Africa,ALL,6,5426.54,26050.6,Gemsbok,1971
211,South Africa,Ib,1,26050.6,26050.6,Gemsbok,1971
211,South Africa,II,2,2266.96,4370.33,Ai-Ais Hot Springs,2002
211,South Africa,IV,3,658.24,1152.7,Zona de Vigilancia da REM,1969
212,South Georgia and the South Sandwich Islands,ALL,1,1069871.67,1069871.67,South Georgia and South Sandwich Islands Marine Protected Area,2012
212,South Georgia and the South Sandwich Islands,VI,1,1069871.67,1069871.67,South Georgia and South Sandwich Islands Marine Protected Area,2012
213,South Korea,ALL,1636,12.25,2649.83,Baekdudaegan Mountains Reserve,2005
213,South Korea,Ia,14,167.38,771.74,Wando-Doam Bay,2000
213,South Korea,II,16,384.18,2324.57,Dadohaehaesang,1981
213,South Korea,IV,1119,5.99,2649.83,Baekdudaegan Mountains Reserve,2005
213,South Korea,V,181,13.84,232.36,Deogyusan,1975
213,South Korea,VI,306,7.67,372.87,Geum River Riparian Buffer Zone,2002
214,South Sudan,ALL,30,5384.74,33009.74,Bili-Uere,0
214,South Sudan,II,8,7091.87,19886.96,Boma,1986
214,South Sudan,IV,2,6976.09,13764.22,Zemongo,1940
214,South Sudan,V,1,1168.11,1168.11,Imatong,1952
214,South Sudan,VI,19,4720.37,33009.74,Bili-Uere,0
215,Spain,ALL,1003,73.0,4009.64,Golfe du Lion,2011
215,Spain,Ia,13,25.23,251.24,Parque Natural Tajo Internacional,2006
215,Spain,Ib,60,4.79,82.55,Valle de Iruelas,1997
215,Spain,II,100,129.98,1075.82,Alto Tajo,2000
215,Spain,III,268,3.86,183.41,Palancares y Tierra Muerta,2001
215,Spain,IV,191,13.39,1151.2,Sierra de San Pedro,1998
215,Spain,V,323,164.06,4009.64,Golfe du Lion,2011
215,Spain,VI,48,62.95,710.18,Reserva Marina de la Isla Graciosa y de los Islotes del Norte de Lanzarote,1995
217,Sri Lanka,ALL,523,37.91,1321.96,Wilpattu,1938
217,Sri Lanka,Ia,66,25.36,385.8,Kumbukkan,2009
217,Sri Lanka,Ib,383,26.92,992.45,Nuwaragala,1929
217,Sri Lanka,II,16,322.09,1321.96,Wilpattu,1938
217,Sri Lanka,IV,58,46.34,436.17,Victoria Randenigala Rantambe,1987
218,Sudan,ALL,6,12002.65,30516.6,Elba,1995
218,Sudan,II,1,8451.06,8451.06,Dinder,1935
218,Sudan,IV,2,4402.95,5439.42,Yata-Ngaya,1960
218,Sudan,VI,3,18252.98,30516.6,Elba,1995
219,Suriname,ALL,17,7794.27,42320.73,Estação Ecológica Do Grão Pará,2006
219,Suriname,Ia,1,42320.73,42320.73,Estação Ecológica Do Grão Pará,2006
219,Suriname,II,4,17769.74,38911.28,Parque Nacional Montanhas Do Tumucumaque,2002
219,Suriname,IV,9,364.07,1014.64,Sipaliwini,1972
219,Suriname,V,1,13686.07,13686.07,Guyane (parc amazonien) [aire d'adhésion],2007
219,Suriname,VI,2,1070.11,1546.67,Noord Saramacca,0
220,Svalbard and Jan Mayen,ALL,25,4873.35,55073.22,Nordaust-Svalbard naturreservat,1973
220,Svalbard and Jan Mayen,Ia,17,5156.01,55073.22,Nordaust-Svalbard naturreservat,1973
220,Svalbard and Jan Mayen,II,7,4880.75,13103.92,Sør-Spitsbergen nasjonalpark,1973
220,Svalbard and Jan Mayen,III,1,16.49,16.49,Festningen geotopvernområde,2003
221,Swaziland,ALL,8,89.41,218.21,Hlane Royal National Park,1967
221,Swaziland,II,6,116.34,218.21,Hlane Royal National Park,1967
221,Swaziland,IV,1,1.41,1.41,Phophonyane,2015
221,Swaziland,V,1,15.83,15.83,Libhetse,2015
222,Sweden,ALL,5224,11.82,5526.66,Vindelfjällen,1974
222,Sweden,Ia,3120,2.07,2836.7,Sjaunja,1986
222,Sweden,Ib,157,196.78,5526.66,Vindelfjällen,1974
222,Sweden,II,34,413.36,1990.88,Padjelanta,1962
222,Sweden,III,310,1.08,42.0,Persö,1981
222,Sweden,IV,1294,1.31,165.19,Sylan,1917
222,Sweden,V,309,26.97,545.65,Gräsö östra skärgård,2012
223,Switzerland,ALL,5881,1.08,1779.36,Haut-Jura,1986
223,Switzerland,Ia,548,0.35,170.26,Schweizerischer Nationalpark,1914
223,Switzerland,II,1,1307.49,1307.49,Parco nazionale dello Stelvio,1935
223,Switzerland,IV,5322,0.54,112.68,Haute Chaîne du Jura,1993
223,Switzerland,V,10,198.74,1779.36,Haut-Jura,1986
225,Taiwan,ALL,90,126.16,3602.23,Dongsha,2007
225,Taiwan,Ia,21,32.31,480.85,Dawushan,1988
225,Taiwan,II,8,865.7,3602.23,Dongsha,2007
225,Taiwan,III,2,5.46,6.42,Shih-ba-luo-han-shan,2006
225,Taiwan,IV,59,63.38,1217.89,Danda,2000
226,Tajikistan,ALL,22,1316.32,23357.75,Таджикский Национальный парк,1999
226,Tajikistan,Ia,5,400.25,742.11,Gissarskiy,1983
226,Tajikistan,II,3,8012.56,23357.75,Таджикский Национальный парк,1999
226,Tajikistan,IV,14,208.57,548.75,Музкульский,1972
227,Tanzania,ALL,98,1745.57,41574.2,Selous G.R,1905
227,Tanzania,Ib,7,51.36,175.82,Mufindi Scarp,1954
227,Tanzania,II,17,4424.8,22859.87,Niassa,1960
227,Tanzania,III,1,1.75,1.75,Kileo East,0
227,Tanzania,IV,52,1480.98,41574.2,Selous G.R,1905
227,Tanzania,V,2,3626.76,4050.18,Bloco E Niassa Hunter,0
227,Tanzania,VI,19,590.48,4346.48,Msima GCA,1974
228,Thailand,ALL,183,601.57,3715.96,Thungyai Naresuan,1974
228,Thailand,Ia,57,672.66,3715.96,Thungyai Naresuan,1974
228,Thailand,II,119,522.81,3049.1,Kaengkrachan Forest Complex,1981
228,Thailand,IV,2,2619.71,3326.44,Phnom Samkos,1994
228,Thailand,V,2,432.34,823.6,Banteay Chhmar,1993
228,Thailand,VI,3,1142.72,1780.58,Nam Pouy,1993
229,Timor-Leste,ALL,1,1265.1,1265.1,Nino Konis Santana,2008
229,Timor-Leste,V,1,1265.1,1265.1,Nino Konis Santana,2008
230,Togo,ALL,8,524.09,2167.22,Fazao-Malfakassa,1951
230,Togo,II,3,1133.52,2167.22,Fazao-Malfakassa,1951
230,Togo,III,1,3.87,3.87,Agou,1953
230,Togo,IV,4,197.06,320.73,Abdoulaye,1951
232,Tonga,ALL,2,15.96,31.04,Fanga'uta and Fanga Kakau Lagoons,1974
232,Tonga,V,1,0.89,0.89,Mui Hopo Hoponga Coastal Reserve,1972
232,Tonga,VI,1,31.04,31.04,Fanga'uta and Fanga Kakau Lagoons,1974
233,Trinidad and Tobago,ALL,39,36.89,537.21,Victoria Mayo Reserve,0
233,Trinidad and Tobago,II,4,33.55,101.07,Southern Watershed Reserve,0
233,Trinidad and Tobago,IV,35,37.27,537.21,Victoria Mayo Reserve,0
234,Tunisia,ALL,2,488.28,810.93,Parc National d'El-Kala,1983
234,Tunisia,II,2,488.28,810.93,Parc National d'El-Kala,1983
235,Turkey,ALL,16,136.66,1164.77,Strandzha,1995
235,Turkey,Ia,2,18.85,26.63,Uzunbodjak,1956
235,Turkey,II,3,85.94,135.02,Javakheti,2011
235,Turkey,IV,2,215.65,375.92,Arazboyu State Nature Sanctuary,1993
235,Turkey,V,1,1164.77,1164.77,Strandzha,1995
235,Turkey,VI,8,36.88,129.1,Ethniko ygrotopiko parko delta Evrou,1977
236,Turkmenistan,ALL,18,928.6,5236.63,Kaplangurskiy,1979
236,Turkmenistan,Ia,9,1264.41,5236.63,Kaplangurskiy,1979
236,Turkmenistan,IV,8,646.55,2889.32,Shasenem,1983
236,Turkmenistan,V,1,162.77,162.77,Sarany,1982
237,Turks and Caicos Islands,ALL,9,47.61,415.88,"North, Middle and East Caicos",1992
237,Turks and Caicos Islands,III,2,3.27,4.07,Dick Hill Creek and Bell field Landing Point,1922
237,Turks and Caicos Islands,IV,3,140.62,415.88,"North, Middle and East Caicos",1992
237,Turks and Caicos Islands,V,4,0.02,0.07,Cottage Pond,1992
238,Tuvalu,ALL,1,40.1,40.1,Funafuti,1996
238,Tuvalu,VI,1,40.1,40.1,Funafuti,1996
239,Uganda,ALL,40,943.54,7878.93,Virunga,1925
239,Uganda,II,13,1500.24,7878.93,Virunga,1925
239,Uganda,III,11,757.55,2168.01,Pian Upe,1964
239,Uganda,IV,1,187.95,187.95,Otze Forest White Rhino,1946
239,Uganda,V,1,1168.11,1168.11,Imatong,1952
239,Uganda,VI,14,610.67,2876.89,Kidepo,1975
240,Ukraine,ALL,1272,20.09,2590.41,Podolskie Tovtry,1996
240,Ukraine,Ia,19,243.32,2159.0,Paleski Radyaytsina-Ekalagichny,0
240,Ukraine,II,9,607.1,2590.41,Podolskie Tovtry,1996
240,Ukraine,III,205,1.92,27.7,Sopit,1984
240,Ukraine,IV,1009,7.68,352.48,Klevenskiy,1994
240,Ukraine,V,28,247.29,1333.65,Muntii Maramuresului,2005
240,Ukraine,VI,2,194.95,217.29,Mityakinskiy,0
241,United Arab Emirates,ALL,2,73.83,145.69,Bul Syayeef,2016
241,United Arab Emirates,IV,1,145.69,145.69,Bul Syayeef,2016
241,United Arab Emirates,VI,1,1.96,1.96,Al Zorah,2016
242,United Kingdom,ALL,10033,8.24,4517.96,Cairngorms,2003
242,United Kingdom,Ia,14,0.7,4.16,"The Reef, Tiree",1993
242,United Kingdom,II,24,54.63,198.05,Forsinard Flows,1993
242,United Kingdom,III,346,1.71,144.53,Parallel Roads of Lochaber,1964
242,United Kingdom,IV,8970,3.29,739.09,Loch Sunart to the Sound of Jura,2014
242,United Kingdom,V,678,75.58,4517.96,Cairngorms,2003
242,United Kingdom,VI,1,29.87,29.87,Isle of Eigg,1978
243,United States,ALL,33225,167.75,1516555.34,Papahānaumokuākea Marine National Monument,2006
243,United States,Ia,582,2618.52,1516555.34,Papahānaumokuākea Marine National Monument,2006
243,United States,Ib,1329,371.37,29193.72,Gates of the Arctic,1996
243,United States,II,67,2313.52,40615.18,Wrangell-St. Elias,1980
243,United States,III,1806,4.08,2411.84,Anza-Borrego Desert,0
243,United States,IV,737,3476.95,866716.79,"Steller Sea Lion Protection Areas, Gulf",2002
243,United States,V,28276,18.35,33355.31,Nunivak/Etolin/Kuskokwim,2008
243,United States,VI,428,729.27,222180.58,Northern Bering Sea,2008
244,United States Minor Outlying Islands,ALL,17,165597.63,1516555.34,Papahānaumokuākea Marine National Monument,2006
244,United States Minor Outlying Islands,Ia,11,139016.49,1516555.34,Papahānaumokuākea Marine National Monument,2006
244,United States Minor Outlying Islands,IV,5,1638.77,2366.11,Midway Atoll,1988
244,United States Minor Outlying Islands,V,1,1277784.47,1277784.47,Pacific Remote Islands,2009
245,Uruguay,ALL,17,182.2,867.84,Humedales del Santa Lucia,2010
245,Uruguay,Ia,1,109.69,109.69,Estação Ecológica Do Taim,1986
245,Uruguay,II,4,127.61,243.93,Cabo Polonio,2009
245,Uruguay,III,1,0.15,0.15,Grutas del Palacio,2012
245,Uruguay,IV,4,144.65,369.96,Laguna Garzón,1977
245,Uruguay,V,4,203.7,357.59,Laguna de Rocha,2010
245,Uruguay,VI,3,361.27,867.84,Humedales del Santa Lucia,2010
246,Uzbekistan,ALL,19,1078.79,6336.95,Ugam-Chatkal,1990
246,Uzbekistan,Ia,11,869.47,5236.63,Kaplangurskiy,1979
246,Uzbekistan,II,2,3349.91,6336.95,Ugam-Chatkal,1990
246,Uzbekistan,IV,6,705.51,2889.32,Shasenem,1983
247,Vanuatu,ALL,4,16.96,34.85,Vatthe,1994
247,Vanuatu,III,1,2.15,2.15,President Coolidge and Million Dollar Point,1983
247,Vanuatu,VI,3,21.89,34.85,Vatthe,1994
249,Venezuela,ALL,118,4320.7,54248.35,Sur del Estado Bolívar,1974
249,Venezuela,II,44,3929.27,38061.28,Parima-Tapirapecó,1991
249,Venezuela,III,12,4332.91,51352.0,Formaciones de Tepuyes,1991
249,Venezuela,IV,8,226.31,455.32,Estero de Chiriguare,1974
249,Venezuela,V,41,2379.42,54248.35,Sur del Estado Bolívar,1974
249,Venezuela,VI,13,14276.39,53630.69,Imataca,1961
250,Vietnam,ALL,95,392.84,3740.44,Mondulkiri,1999
250,Vietnam,II,26,490.0,3399.22,Virachey,1993
250,Vietnam,IV,37,287.1,3740.44,Mondulkiri,1999
250,Vietnam,V,25,71.82,516.11,Rung Thong Da Lat,1977
250,Vietnam,VI,7,1737.32,3594.86,Nakai - Nam Theun,1993
251,"Virgin Islands, U.S.",ALL,31,11.56,150.31,St. Croix East End,2003
251,"Virgin Islands, U.S.",Ia,1,77.26,77.26,Buck Island Reef,1961
251,"Virgin Islands, U.S.",III,1,0.09,0.09,Smith Bay,0
251,"Virgin Islands, U.S.",IV,5,32.4,150.31,St. Croix East End,2003
251,"Virgin Islands, U.S.",V,24,4.96,60.07,Virgin Islands,1956
253,Western Sahara,ALL,1,1661.29,1661.29,Khenefiss National Park,2006
253,Western Sahara,II,1,1661.29,1661.29,Khenefiss National Park,2006
255,Zambia,ALL,68,3481.27,32420.93,West Zambezi,1971
255,Zambia,II,23,3450.87,22314.24,Kafue,1971
255,Zambia,III,1,26.62,26.62,Victoria Falls,1952
255,Zambia,IV,2,557.63,987.53,Vwaza Marsh Wildlife Reserve,1977
255,Zambia,V,1,3017.72,3017.72,Lake Kariba,1979
255,Zambia,VI,41,3736.51,32420.93,West Zambezi,1971
256,Zimbabwe,ALL,48,1247.63,14776.49,Hwange,1949
256,Zimbabwe,Ib,1,9.59,9.59,Chirinda,1951
256,Zimbabwe,II,16,2087.86,14776.49,Hwange,1949
256,Zimbabwe,III,1,26.62,26.62,Victoria Falls,1952
256,Zimbabwe,IV,2,439.09,752.26,Northern Tuli,1964
256,Zimbabwe,V,9,406.92,3017.72,Lake Kariba,1979
256,Zimbabwe,VI,19,1152.84,3419.03,Chewore,1964
